id,first_name,last_name,birth_date,tin,email,mobile,address
1001,JUAN,DELA CRUZ,1990-01-01,123456789,juan.delacruz@email.com,9171234567,123 Rizal St. Makati
1002,MARIA,SANTOS,1991-05-15,987654321,maria.santos@email.com,9181234567,456 Bonifacio Ave. Q.C.
1003,JOSE,REYES,1985-03-22,444555666,jose.reyes@email.com,9191234567,789 Mabini Blvd. Manila
1004,ANA,GARCIA,1993-07-08,777888999,ana.garcia@email.com,9201234567,321 Luna St. Pasig
1005,PEDRO,MENDOZA,1988-11-30,101112131,pedro.mendoza@email.com,9211234567,654 Aguinaldo Rd. Cavite
1006,ROSA,VILLANUEVA,1995-02-14,141516171,rosa.villanueva@email.com,9221234567,987 Quezon Blvd. Cebu
1007,CARLOS,FERNANDEZ,1982-09-05,181920212,carlos.fernandez@email.com,9231234567,147 Osmena St. Davao
1008,ROBERTO,CRUZ,1979-12-25,222333444,roberto.cruz@email.com,9241234567,258 Magsaysay Ave. Iloilo
1009,LIZA,RAMOS,1997-04-19,333444555,liza.ramos@email.com,9251234567,369 Laurel St. Batangas
1010,MIGUEL,TORRES,1986-08-11,555666777,miguel.torres@email.com,9261234567,741 Roxas Blvd. Paranaque
1011,ELENA,BAUTISTA,1992-06-30,888999000,elena.bautista@email.com,9271234567,852 Burgos St. Laguna
1012,RAMON,CASTILLO,1975-10-17,999000111,ramon.castillo@email.com,9281234567,963 Del Pilar Ave. Pampanga
1013,CRISTINA,NAVARRO,1989-01-28,000111222,cristina.navarro@email.com,9291234567,174 Rizal Ave. Bulacan
1014,SOFIA,AQUINO,1994-03-15,112233445,sofia.aquino@email.com,9301234567,285 Tandang Sora Q.C.
1015,MARCO,DELA ROSA,1983-07-22,223344556,marco.delarosa@email.com,9311234567,396 Katipunan Ave. Q.C.
1016,JASMINE,OCAMPO,1996-09-10,334455667,jasmine.ocampo@email.com,9321234567,417 Commonwealth Ave. Q.C.
1017,ANTONIO,PASCUAL,1971-05-05,445566778,antonio.pascual@email.com,9331234567,528 Marikina Heights
1018,MARICEL,SORIANO,1998-11-23,556677889,maricel.soriano@email.com,9341234567,639 Antipolo St. Rizal
1019,DENNIS,LIM,1987-04-04,667788990,dennis.lim@email.com,9351234567,750 Binondo St. Manila
1020,JUAN,DELA CRUZ,1990-01-02,123456789,juan.delacruz2@email.com,9171234569,123 Rizal Street Makati City
1021,MARIA,SANTOS,1991-05-16,987654321,,9181234568,456 Bonifacio Avenue Quezon City
1022,JOSE,REYES,1985-03-22,444555666,,9191234567,789 Mabini Boulevard Manila
1023,RICHARD,GOMEZ,1980-06-15,778899001,richard.gomez@email.com,9361234567,861 Shaw Blvd. Mandaluyong
1024,PATRICIA,HERNANDEZ,1993-12-01,889900112,patricia.hernandez@email.com,9371234567,972 EDSA Pasay City
1025,BENJAMIN,FLORES,1977-08-20,990011223,benjamin.flores@email.com,9381234567,183 Taft Ave. Manila
1026,JENNIFER,SANTOS,1995-03-08,100122334,jennifer.santos@email.com,9391234567,294 Ayala Ave. Makati
1027,MICHAEL,REYES,1988-07-14,211233445,michael.reyes@email.com,9401234567,305 Ortigas Ave. Pasig
1028,STEPHANIE,CRUZ,1991-11-27,322344556,stephanie.cruz@email.com,9411234567,416 C5 Road Taguig
1029,ANDREW,DELA CRUZ,1984-02-09,433455667,andrew.delacruz@email.com,9421234567,527 BGC Taguig City
1030,KAREN,VILLANUEVA,1996-05-21,544566778,karen.villanueva@email.com,9431234567,638 Alabang Muntinlupa
1031,MARK,SANTOS,1990-08-13,655677889,mark.santos@email.com,9441234567,749 Sucat Paranaque
1032,JOANNA,REYES,1994-01-30,766788990,joanna.reyes@email.com,9451234567,850 Zapote Las Pinas
1033,FRANCIS,DELA CRUZ,1981-06-18,877899001,francis.delacruz@email.com,9461234567,961 Bacoor Cavite
1034,MELISSA,GARCIA,1997-09-25,988900112,melissa.garcia@email.com,9471234567,172 Imus Cavite
1035,RAYMOND,SANTOS,1983-04-12,099011223,raymond.santos@email.com,9481234567,283 Dasmariñas Cavite
1036,CARLA,REYES,1992-07-07,100122334,carla.reyes@email.com,9491234567,394 Silang Cavite
1037,JOSEPH,MENDOZA,1986-12-20,211233446,joseph.mendoza@email.com,9501234567,405 Tagaytay Cavite
1038,THERESA,CRUZ,1995-03-03,322344557,theresa.cruz@email.com,9511234567,516 Trece Martires Cavite
1039,EMMANUEL,VILLANUEVA,1979-10-10,433455668,emmanuel.villanueva@email.com,9521234567,627 General Trias Cavite
1040,JUAN,DELA CRUZ,1990-01-01,123456789,juan.delacruz@email.com,9171234567,123 Rizal St. Makati
1041,ANA,GARCIA,1993-07-08,777888999,,9201234567,321 Luna St. Pasig
1042,PEDRO,MENDOZA,1975-11-30,101112131,pedro.mendoza@email.com,9211234567,654 Aguinaldo Rd. Cavite
1043,NOEL,AQUINO,1988-04-21,543210987,noel.aquino@email.com,9531234567,738 Batangas City
1044,GRACE,REYES,1991-08-16,432109876,grace.reyes@email.com,9541234567,849 Lipa City Batangas
1045,ARNOLD,SANTOS,1984-12-03,321098765,arnold.santos@email.com,9551234567,950 Lucena City Quezon
1046,DIANA,CRUZ,1996-06-28,210987654,diana.cruz@email.com,9561234567,161 Batangas Port Area
1047,VICTOR,GARCIA,1978-02-17,109876543,victor.garcia@email.com,9571234567,272 Tagaytay Ridge Cavite
1048,LORRAINE,MENDOZA,1993-09-09,098765432,lorraine.mendoza@email.com,9581234567,383 Nasugbu Batangas
1049,GILBERT,VILLANUEVA,1987-03-25,987654320,gilbert.villanueva@email.com,9591234567,494 Calatagan Batangas
1050,ROWENA,SANTOS,1995-07-14,876543219,rowena.santos@email.com,9601234567,505 Lobo Batangas
